username,comment
kristinap_sirait03,"BELAJAR DARI KASUS ASABRI GUYSğŸ¤£ğŸ¤£ğŸ¤£ MASYARAKAT INDONESIA HARUS SMART YA. Mf pak Jokowi NIAT bpk memang MULIA untuk MENSEJAHTERAKN RAKYAT jika itu benar TAPI KAMI BELAJAR DARI KASUS ASABRI yang sampai saat ini blm ada PENYELESAIAN. Tapi kalau GAJI DPR, BEA CUKAI, PEJABAT PAJAK, dan PEJABAT TINGGI LAINNYA yang di POTONG UNTUK KESEJATERAAN RAKYAT dengan SENANG HATI kami akan MENERIMAâ€¦ INGAT PAK GAJI MEREKA ITU DRI RAKYAT, ga ada salahnya kan di kembalikan sedikitâ€¦!?"
sata.sata.520357,Mana pendukung 02 pasti bangga bakal punya rumah baru
cep_emin,"Kalau gaji aggota DPR yg ""kerjanya demi rakyat"" dipotong 50%. Baru rakyat seneng Pak"
nienathalib_mua,Selamat buat pemilih 02 yg mau melanjutkan program pak jkw dan generasinyağŸ”¥
slmarief,Tapera- tabungan peras rakyat
lord.kasmudi,Mending bikin perumahan dari uang 271 TRILIUN
ypsn770,"KERJA UNTUK RAKYAT âŒ, KERJA UNTUK PEJABAT âœ…"
4srina,"Tolak Tapera, kita ini rakyat Bukan Dina sosialnya negara. The Emir of Qatar please jadikan aku anak angkatmuuu ğŸ˜­"
mhmddyhya_,SEDANG MENUNGGU BERITA DI 10 TAHUN KEDEPAN:TERSANGKA KASUS KORUPSI TAPERA DI TANGKAP OLEH KPK ğŸ˜‚
angmiku,Apa kabar aku yg UMR nya cuma 2jt ğŸ˜¢
mursan_nchan,Makan tuh Gas Oke Gas.... ğŸ¤­
shany_atmaja,"Yuuukk semangat yuuukk....kita lanjutkan!! Lanjut meres rakyat, lanjut cari lahan korupsi, lanjut perkaya diri, kluarga dan kroni, lanjut joged joged ğŸ”¥ğŸ”¥ğŸ”¥"
bobsumbayaksumbayak,"Pemerintah harus menciptakan produk yg bisa di jual ke negara lain ..unt mendapat hasil baru unt Tapera, tau KL mau di pot Tapera bagi para pejabat ,dewan , menteri yg banyak uang ."
adindazab,"Kok firasat gue dananya buat makan siang gratis yağŸ˜­, *biasanya firasat perempuan tu bener"
marthalenatare,Kalau pekerjanya sudah punya rumah sendiri gimana ? Masih perlukah TAPERA ini ? Saya rasa TIDAK ğŸ˜ğŸ˜
fhee_nprsty,LADANG KORUPSI BARU ğŸ”¥ğŸ”¥
zai_dun_qoo_imun,Eh buset daah..ujung2 nya kalo nggak d korup ya buat ngebut IKNğŸ˜‚ğŸ˜¢
bang.iep.pe,"Wes kate pensi mbok rasah kakaean polah pak2. Wes bpjs kes (ini masih bagus) wajib, saiki dipotong ngene an barangğŸ˜¢"
ceppyars,Namanya juga TAPERA (Tambah Penderitaan Rakyat).
mommy99kim,"â€œTakutlah kalian pada doa orang yang dizalimi, karena sesungguhnya ia akan dibawa ke atas awan, kemudian Allah berkata: Dengan kemuliaan-Ku dan kebesaran-Ku, Aku pasti akan menolongmu, sekalipun nanti.â€ (HR at-Thabran"
abisyahril28,"Gaji kita aja cukup buat makan pak, masa masih di potong, yang harus dipotong gaji"" pemerintah pak, negara kita kaya pak, punya mas, timah, minyak, kepal sawit dll hasil alam tapi yang ngerasain pejabat"" pakğŸ˜¢ğŸ˜¢ğŸ˜¢"
cchilkapp,Gasabar pindah negara
r.nurmawaddah01,"Mohon maaf sebelumnya kak @najwashihab hanya baca sekilas karena kesibukan kita sebagai guru yang bekerja dari pagi sampai malam mengumpulkan pundi-pundi rupiah, untuk TAPERA apakah termasuk guru honorer juga? Maaf banget bukannya kami sebagai guru mau mengeluh atau ikut campur urusan seperti ini, kita sebagai guru honorer saja gajinya bukan UMR ada yang gajinya di bawah 2jt malah ada juga gajinya yang di bawah 1jt. Terus nih kalau semisal mau dipotong buat TAPERA buat keseharian kita apa dong? Saya ikhlas menjadi guru apalagi pekerjaan guru itu sangat mulia mencerdaskan anak bangsa, saya selalu mendoakan anak murid saya kelak menjadi anak yang sukses dan berakhlaqul Karimah. Aamiin"
auliyasyafaatul,"tolak tapera,,,gaji tidak cukup buat biaya sehari-hari Ama biaya sekolah anak masih mau dipotong,,,,coba gajiÂ²pejabat tinggi yg dipotong setidaknya beliauÂ²dapat gaji dari rakyat,,paling tidak dibagikan sedikit bagian dari hasil gaji beliau dibagikan kembali untuk rakyat,ğŸ™ğŸ»"
nk_fitria22,"Lha klo yg gajinya cuma 2.8jt per bulan, dipotong 3% butuh wktu berapa puluh tahun baru bisa kebeli rumah nya.. udah keduluan wafat kali ya ğŸ˜¢ğŸ˜¢ğŸ˜¢"
umishyihan,Mau pensiun aja bikin kebijakan yg bikin rakyat sengsarağŸ¤¦ğŸ¼â€â™€ï¸
anggi.panata,"Ah nanti kalo aku jd Presiden anak2ku minimal Gubernur lah, biar gak kena Tapera..."
mustadi_moskow,Sebenarnya tidak menjadi persoalan jika pemerintah berani menjamin tidak ada yang mengkorupsi dananya. Apa jaminanya? Jika tidak ada ipex; lebih baik tidak ada aturan TAPERA
alvinnoorf,Pemerintah pinter ya. Pinter ngakalin rakyatnya
aapphin,Pajakin aja terus sampe rakyat ngga punya duit buat makan
idrisbachtiar_,bukan jokowi namanya kalo ga nyusahin
ronaabdulwahid_,Ladang korupsi baruğŸ˜‚ yok siapa yg menjadi pemenang nyağŸ˜‚ @erlina_hdyh @noviasukmadewi_ ğŸ˜‚ğŸ˜‚
boedrhi,Jangan smpai kena korupsi sama pihak tertentu aja
juniali83,"kalo aaya sicj setujuÂ² saja, para karyawan dengan upah minim seolah dipaksa menabung untuk pembiayaan rumah, punya rumah sendiri kan enak., demi masa depan punya rumah kepemilikan sendiri..ga ngontrak, ga numpang di rumah mertua/orang tua ğŸ˜‚"
el_allice,"TAPERA =Tambah Pernderitan Rakyat ğŸ¤£ğŸ˜‚ ğŸ˜‚

program diluar nurul hasil dari Ok gas ok gasğŸ¤£"
any5145,Oke gass..males bgt udah
alvsngnthma,Trus rumahnya ambil dimana ? Rumahnya dulu baru bayar sambil dipotong.
ahsyadewi,naikin gaji yg gede lg dong biar gk kerasa...wehh
jhonhashasian,"SUKA SUKA MEREKALAH,, INDO MULIK MEREKA,, KAMU DAN ANDA SEMUAAA... BONEKA... PAHAM"
zahrotululya30,Kalo ini bener bang. Bener-bener di potong secara otomatis gaji kita ğŸ˜­ğŸ˜­
vivauliaa,@nayla.asfan
susanti_sh,"hampir hbis masa bakti tapi bikin banyak PP yg kontroversial gini
Kmaren KRIS BPJS skrng TAPERA
besok apa lagi pak?
Ketika bkin aturan mestinya sesuaikan dg kebutuhan masyarakat pak..yakin masyarakat saat ini butuh itu pak?
Pikirkan betulÂ², apakah benar ini bisa menyelesaikan masalah trkait kesulitan dlm pemenuhan kbutuhan rumah pak?
Udh banyak potongan pak gaji kite, belum lagi kalo kita gak cocok ama tuh rumah Tapera, trs blm lagi kalo pengembangnya jujur,"
a_witto,Wihh gasabar buat baca berita korupsi tapera mendatang
alvan_triansyah,Nnti duit nya...buat ini buat itu....ga jelas...
fajarsparepart,Yakali dibagi
deditumbal,Rakyat harus bayar upeti buat kesejahteraan kerajaan
alfianti.02,BPJS aja masih nunggak ini ditambah TAPERA makin nangis gajiku ğŸ˜­
marydewist,"Kasihan para buruh pabrik, gaji gak seberapa dipotong macem-macemğŸ˜¢"
ceritasudut_hati,"Masa jabatan udah ga sampe 5 bulan lagi, bikinlah yg baik2 buat rakyat. Eh malah nyusahin lagi."
rissa_novita,Untung ya kite kerja ke luar negeriğŸ˜‚ @ikaervina_99
puntadewa_mark,"Kontol asu, kerjo parung waktu we kadang mung oleh 150 meh di potong ndasmu i ple keple

@asnan_adyatma hooh ra non"
btock,TAmbahan PEnderitaan RAkyat ğŸ˜…ğŸ¤¦ğŸ»â€â™‚ï¸
aldian.pn,Menjabat nya berapa taun ğŸ˜‚ terakumulasinya baru berapa taun ğŸ˜‚ pasti kebijakan presiden bakalÂ² berubahÂ²
vienstasman,amsiong negara wakanda
rajadedi4,JOGETIN ajağŸ˜‚
m_firman_98,Ngeyel sih orang kya gini di pilih... Nikmati aja sekarangğŸ˜‚ğŸ˜‚
sandee.surya,"Rumah Harga 1,5 M
Gaji UMR 5jt Ã— 2.5% : 125.000
1,5M : 125rb = 12rb bln / 1000 thn
Jd kl mau punya rumah 1,5M harus kerja 1000 thn...."
nurulnlh,Au amaatt.. berakk sekebonn
sugenghr,"Turun ajalah pak, jangan nambah beban rakyat"
dimanwidosaputra,jadi kita ini Negara Kaya apa Miskin sih pak @jokowi ?
bangchauy,Program bagus begini kok di ledekin. Aneh ya indonesia
galuhantari_ge,Tercekik cekik
yosefgea,Menuju Indonesia Emas ğŸ”¥
iiqmilsa,Selamat yeeee pendukung 02 melanjutkan program pak Jokowi ğŸ¤­ğŸ˜‚ sorry yeeee
dr.irwani_amazeskincare,Kasian pak rakyat banyak potongan. Yg mau beli rumah biarlah mereka nabung sendiri. Jgn dipaksa.
papsdew_,Mamam tuh pilihan lo org2..
febbyfv,Makan tuh joged2
erwinuyung,SUDAH MAU LENGSER MASIH SAJA BIKIN PERATURAN .... PERATURAN BUAT BAYAR UTANG.... NEGARA YG UTANG RAKYAT YG DI BIKIN SENGSARA..... TUDAK SALAH KLO DI BILANG NEGARA DINASTY.....
febrian_75,"Tapera = Tutorial memberantas orang miskin ğŸ˜‚, makin kecil makin kecekik ğŸ˜"
tofik_supriyadi,Butuh berapa tahun untuk mendapatkan rumah dari hasil tapera?
fiendwy,"Bantuin cari komenan ""Simpel tapi bikin anak abah tantrum dong""... Udh lama gk nemu, kuatir mrk ketularan tantrumğŸ¤”"
rijwanw,"Kok maksa sih, kekurangan dana buat IKN ? Program2 ga jelas ? Atau pengen modal balik? Dinasti oh dinasti"
almayoeli,Nyari duit gini amat sih pakkk
fadianeka,ğŸ¤£ğŸ¤£ğŸ¤£kas kosong cari cara keruk duit rakyat.
odemzt,Bikin aturan kok ya seenak2nya siğŸ˜­ğŸ˜­ğŸ˜­
hengky9250,"duitnya bakal dipake dulu kayanya , buat invest ikan ğŸ˜¢"
milikrimah22,"Tapera di samakan dgn BPJS yaa beda lah pak... Jgn maksain hal2 yg selalu menyusahkan rakyat lah, udah semua penjabat daerah menjadi dinasti keluarga, kenalan dll nya bpk... ğŸ˜‚ mau jadi apa bangsa qta ini... Rakyat selalu susah, harga beras aja yg turun pak, pikirin itu aja dulu pak!!! ğŸ”¥"
trisun123,"padahal udah mau pensiun loh, jangan bikin heboh lah pak"
hasanrivai_86,"Mbuat peraturan kayak gitu (tapera) mbok yo konsultasi dulu ke rakyat. Maen ke kampus, diskusi. Ini loo tapera seperti ini itu ini itu. Maen juga ke stasiun TV. Memberikan kejelasan. Terus kalau rakyat se7, baru lah program tapera dilaksanakan. Ahh terserah lah"
ruliwihandi,Demi tuhan pencipta 7 langit aku golput dan aku hidup dijalanan gak ada yang menggaji ku hanya engkau yang di atas yang berhak mengatur hidupku.
fauzirizky_29r,Asik lahan kor*psi baru ğŸ™Œ
wafiqardinal,"Gak papa,,, kompakkk yukkk gak bayar pajak gassss,,, Karyawan,, Swasta,, dan freelance,, kan mana udahhh dikinnn mendingg kalo ada bonusss, nahhh, kalooo ngakkk,, matibdahhhh"
wrwildan,Ya Allah gini amat bernegara
syekha___,Ka lomm ğŸ¤£ @saukianlama
windasukmajayanti,"Lha kalo uda ada rumah, masak harus dipotong tapera?"
hendranofendra97,@jielbo_baggins @chomenk94 @bang_ar1807 Gaga gji naik 1% potongan 3%ğŸ˜‚ğŸ˜‚
khl.98_,"Dan yg sudh punya rumah pun hrus membayar tapera, artinya sang kepala sekolah tidak mau brtanggung jawab atas homeless/tunawisma, kira"" bgtu logikanya"
indrawijaya.monalisa,Naikan gajih baru potong pak
behemoth_415,@hallorul26 gmn tanggapan ny
agust.woo,"Di luar negeri, semua masyarakat harus bayar Pensiun mau PNS atau bukan, dan semua orang diwajibkan punya asuransi kesehatan!
Asuransi pensiun akan diterima sebagai jaminan masa tua, sehingga penduduk merata dan sejahtera, ada juga undang2 yang menyetarakan keluarga miskin dan cacat, jadi ketika itu diterapkan di negara kita bukankah jauh lebih baik dari pada berita2 itu? Jadi orang yg bayar juga gak merasa dirugikan bukan, karena itu utk masa depannya!"
caca_gemoy75,"Rakyat udah di potong, endingnya nanti di korupğŸ˜‚"
putrakiki276,SUDAH JATUH TERTIMPA TANGGA.
adv.sandralestariza,Selamattt ğŸ¥³ğŸ‘ğŸ‘
ali_asrykn,Kalian sdh Setega itu dngan masyarakat. jika anda2 yg brkepentingan menyalahgunakan kbijakan ini... Sdh tak tau lg rakyat hrs bgaimana dan berkata apa !
syalsabilah93,"Wi wi aya2 wae lah, kite makan aje Udeh mpot2 an wi gmne lu mau potong gaji laki gue wi ğŸ˜­"
sigit.waskito04,UJUNGÂ²NYA DIKORUPSI (PASTI)!!!!
beby_bieee,remok
muhamadizzan19,Mending ditabungin dirumah aman
ara_yog,Yg saya takut duit nya dikorupğŸ¥º
megawatinurasobah,Sakarepmu wis lah.
berlian.putra_hia,bukannya rakyat sudah dibagi paket sembako ya? kenapa masih protes?
sunflower71_,abis itu uangnya dikorupsi anjaiii menyala negarakuğŸ”¥
berlian.putra_hia,ditunggu skandal korupsinya
dicky_ak113,"Harga rumah nya di bikin murah, bukan malah potong gaji...angell gaji sekarang juga udh pasÂ²an ğŸ˜¢"
adamddam,Gulingkan...ğŸ”¥
eviemindaria,Hanya bisa bilang â€œYA ALLAHâ€ tolong hambamu
setiawan_kuncung,Yeeeyy
nunayhie_,"Kebanyakan dipotong. Lama2 abis gaji orang.. kebutuhan banyak, apa2 udah naik dan mahal.. main mau potong aja, minimal naikin gaji dulu UMR nya 10jt baru bikin aturan.."
srinurazis,Bukan dipotong harusnya ditambah gajinya pak biar bisa nabung beli rumah yg upahnya UMR kebawah
anita_mfy,Klo pekerja sdh punya rumah sendiri gimana? Masih dipotong ga
armawatiattas,Ok gasğŸ¤­
ramdan_evelyn,Menolak keras ğŸ”¥....
sitirochani.2727,Ud dipotong BPJS dipotong lagi
surabaya.phone.shop,Mendingan cek setiap toko yang punya karyawan tolong di cek gaji nya baru potong gpppğŸ˜‚
cahyamenthari,kerjone kontrak trus nek kontrak e ra diperpanjang opo dibalekke duit e kui lur... kan raisoh nutukne meneh
dlynfd,Yg kaya gini ni berpeluang jadi lahan korupsi baru ga sih yaAllah Rabbi
dina0.10101,Oke gas..oke gas..ğŸ”¥ğŸ”¥ğŸ”¥..makan dah tuh ğŸ¤£
secondshop_girls,Gaji sudah minim buat biaya hidup.eeh banyak potongan nya.miris sekali ğŸ˜¢ğŸ˜¢ğŸ˜¢
herdi_yayoy,ğŸ”¥
nuraini.ftr,yakin ditabung? paling dipake buat negara lgğŸ™‚
khaputriie,"Gmn yg karyawan kontrak , yg setiap 3 thn d putus kontrak,,apa bsa d cairin jg kyk bpjs atau malah mengendap karna tdk belanjut kerja."
alghofurzaelani,"Bilang sama yg bikin uu..saya udah punya rumah,gamau ikut2an ky gitu..menghambat cicillan yg lain"
rifqibayuajie,"Saya gak keberatan

Seandainya pemerintah bikin aturan juga UMR pling kecil di Indonesia 20 jt rupiah"
wahyusetya91,"Tapera (tabungan perumahan rakyat) , rakyat mana ya...? Soalnya maksa banget siiih. Lokasi nya pun ga jelas dimana, sudah maksa, apakah buat perumahan di IKN."
widodosari,Terkesan memaksa. Pasti ada udang dibalik bakwan... yakin.
langsurtoni,Ga sekalian 100%
fifah_audlh,"Untuk yang gajinya borongan, apa kena potongan juga, sedih kalii..ğŸ˜­ğŸ˜­"
jefri_benzema,Oke gas saya mah gk ngaruh .... Orang saya lagi gk kerjağŸ˜‚ğŸ˜‚ğŸ˜‚ info loker dong lulusan s1 teknik sipil tapi nganggur ini ğŸ¤£ğŸ¤£
kocouu87,Apalah daya yg kerja nya cuman karyawan kontrak
adeputrijayanti_21,Pak jokowi astaghfirullah udh mau lengserpun mngeluarkan praturan yg bikin rakyat makin benci makin kesel. ğŸ˜­
sulaeman.albasry,"Ko terroris diam aja nih, negara lagi begini.."
comcom_12,Masih ronde pertama tenang..masih 11 ronde lagi moga aja gak KO ğŸ¤£ğŸ¤£gas wae lekkkkk aku tak mulih dadi wong biasa wae ğŸ¤£ğŸ¤£
agung_garisbebas29,Pengurasan
yurihasuna,Ternyata doi manusia juga ya ğŸ˜‚
aswijarr,Hrus blang trus trang ni.. Geram klii sama pmlih bliau.. Mau d apain enak nya ya???
nurfebriardilla,"woi plis aku gamauuu, bisa nolak ngga sih????ğŸ˜­ğŸ˜­ğŸ˜­"
mrs.ell17,"BoroÂ²,, rumah saya aja belom lunasÂ² pak, trus saya musti nabung buat perumahan org lain,,,menyalah gak tuhğŸ™Œ"
hiljarpurnama,"Bagaimana dengan masyarakat yang sudah memiliki Rumah, masa mau ikut juga program Tapera"
ezhonkghaloenk1502,Bagi yang sudah punya rumah kok dipotong juga?
dedyismail_,"mulai sekarang aku harus ngumpulin 7 bola Dragonball,,, biar bisa hidup 100 thn lebih,,,agar bisa dapat rumahğŸ˜‚ğŸ˜‚ğŸ˜‚ğŸ˜‚"
19_alwah,Selamat berpotong riya gajinya yah guysğŸ˜‚
bayuido,Ehhhh seriusan itu pasti yang buat DPR njiirr soalnya udah peraturan pemerintah...ğŸ˜­ğŸ˜­ğŸ˜­ masak ojol kena 3% juga njiirrrğŸ˜¢ğŸ˜­
nazifa_zahra,"Lucu banget sampe ke freelance loh, duh pak pak"
gazali_ahadi,Ini akal akalan untuk pembiayaan ikn
derzyyulii24,Negeri DagelanğŸ˜‚
khairina820,Astagfirullah
khairina820,Hasbunallah wanikmal Wakiil Nikmal Maula Wanikmal Nassir ..hrsnya siapa yg mo saja ...TDK ada pemaksaan .toh dana nya apa bisa dipertanggung jawabkan ???
hanifalutomo,Oke gas oke gasğŸ˜‚
_eonni10,"Kalau begitu, dari pejabat pun juga harus ikut dipotong gajinya. Karena pejabat2 itu bisa menduduki nya juga berkat dari masyarakat. Kalau cuma masyarakat aja yg gajinya dipotong itu tidak adil sama sekali. Sebab walaupun dikota2 besar UMR nya tinggi, tetap saja masih bnyk yg mengeluh ini dan itu. Jadi biar adil, dari pejabat juga harusnya ikut kena dampaknya"
sitiiwardahh25,cekik terooss rakyatnyağŸ¤­ğŸ˜‚
ahir_jaman8,parah lahh.
yeyekiel_store,"JD inget waktu ambil BPJS pas resign kerja, ada pensiunnya yg ga bs diambil, nanti umur 55thn kl ga salah,pdhl ga seberapa cuman 1,5jtan. Lupa Mulu mau tanya, apakah stlh 55 Thn nanti bakalan nambah gtu ya jumlahnya, walau kita udah ga kerja2 lagi."
sitiiwardahh25,"Maaf pak jokowi, untuk masalah pembelian rumah kami bisa atur sendirii uangnya ğŸ¤­"
malbengterjunbebas,"Roda kehidupan rakyat kecil:Semakin banyak pembayaran semakin memberatkan rakyat kecil,akhirnya banyak yang nga bisa nyekolahin anaknya,akhirnya si anak pengangguran karena susah cari kerja"
sizagrafika,"Yg ikut program melanjutkan pasti hore hore ğŸ˜… lihat deh programnya bagus bagus buat rakyat makin tercekik iya klo gaji di atas 5jt Yg gaji di bawah 2 jt apa kabar ğŸ«£ğŸ«£ğŸ«£ğŸ«£ urus dulu 271 T itu kan lumanyan bisa buat rumah masyarakat , klo pun gak buat rakyat kan buat pemerintah juga , ğŸ¤£ğŸ¤£ğŸ¤£"
bachveniyah,Lama lama di korupsi lg
joelastin,"Mending jadi penganggiran, ketemu ya makan ga ketemu kencengin ikat pinggan"
high_end_rick_pr_anata,"Semoga saja jika sudah berjalan, tidak dikorupsi sama si bang..t itu."
nurulnrl,Gaji naik potongan jg semakin banyak ğŸ˜‚
vanzshagara,Hobi banget majakin rakyat!
rika_hardiyantii,Memiskinkan yang miskin
ngrhaysl,Percaya ga 2024-2025 bakal terjadi krisis ......?????
wibisono.santoso,"Daripada tapera mungkin lebih baik tabungan buat pensiun , sehingga karyawan ada jaminan hari tua ditanggung oleh pemerintah, rumah bisa sewa, punyabrumah ngga punyabduit samanaja di jual nanti habis lagi, buat pensiunnya cukup buat sewa rumah dan hidup layak, makin besar kontribusi tabungan hari tuanya makin besar dana pensiunnya di tanggung sampai matin"
surya_aris1,"pengen tau penjelasan detail mengenai ini, jangan"" jangan"" ada kepentingan lain di balik kebijakan ini ğŸ¤­ğŸ¤­"
dansay4,Turu
indytiffany,yg ga milih 02 boleh dong ga ikut programnya... ga usah maksa sori yeeeğŸ¤­ğŸ¤­
yanieqyp77,Lumbung Dana pemerintahan berbudget gemoy dengan semua otak bisnis
roezzaman_chey,Rakyat lgi yg kena...
vianticandra,"Pertanyaannya cuma 1 pak, ini perumahannya buat si pekerja atau buat temen temen bapak?"
ima_el_elmyr,Helehhh... ntr malah jd lahan korupsi lagi pakk pakk.. kyk gk tau orang sini ajah .
eyelash_lp_mks,@_djeeeee
tho_sepang,"Kenapa gak di potong semua gajinya aja sekalian, kerja mati matian , gaji rendah, potongan makin banyak"
elli_tuppy,Terimalah yg anda pilih
alfiantimia,"Terus nasib, Para Kuli bangunan, pekerjaan online yang penghasilannya di bawah 3 juta apa kabarnya iyaa dipotong 3%ğŸ˜‚ğŸ˜‚ğŸ˜‚ğŸ˜‚ğŸ˜‚, udah tanggungan listrik, makan, sekolah anak aja udah press banget ini malah di potong pula, apa kabarnya ituğŸ˜‚ğŸ˜‚ğŸ˜‚ğŸ˜‚"
enricawidayanti,"Pengalihan isu buat anak bontot biar direstui utk JD gubernur dgn persetujuan Membantu Adik alias MA. Selamat, kmrn Membantu Kakak, sekrg adeknya. Tepuk tangan buat keluarga si jokğŸ¤£ğŸ¤£ğŸ¤£ğŸ¤£ğŸ¤£ğŸ¤£ğŸ¤£ğŸ¤£ğŸ¤£ğŸ¤£ğŸ¤£ğŸ¤£ğŸ¤£ğŸ¤£ğŸ¤£"
toemetoeme,Lama lama gak jelas maksud dan tujuan nya... (Terselubung)ğŸ˜‚ğŸ˜‚ğŸ˜‚
aldimemed,Ok gas ok gas . Lanjutkan. MamamğŸ˜‚
iissitiaisah4,Knp harus selalu pekerja yg JD korban sedangkan pemerintah dengan seenaknya juga ketok palu utk menekan pekerja
trimarya.shaqilla,Yg sdh punya rumah msh dipotong utk Tapera jg ya ğŸ˜¢
agungdj99,Bro kebingungan butuh suntikan dana buat IKN ğŸ˜‚ğŸ˜‚
auraasriarchitect,Bacain komen gda positif nya mending ngaduk semen kita.ğŸ˜‚
nurfadilahashrr_,Tupperware aja gak sih
potterize,"Dpt respon negatif dari netijen, otw dibatalkanğŸ˜‚"
salamahits953,MAKIN SERAKAH
dory_doang,Indikasi Tumbuh KORUP ğŸ”¥ğŸ”¥
khoirulanwarr20,Jadi ladang baru qorupzee nihğŸ˜¢ğŸ”¥ğŸ™Œ
cah.ndeso.klutuk,Kapokmu kapan kaum 58% ğŸ˜‚ğŸ˜‚ğŸ˜‚ğŸ˜‚
mamathhisyam,Lah gimana nasib kuli pabrik kalo harus dipotong terusğŸ˜­
aljabbar1405,"Gw berkali"" mikir positif namun setelah gw mikir GK ada positif""nya nih program krna berpotensi menimbulkan korupsi dan pastinya rakyat yg akan jadi korban.... #tolaktapera"
apip_panjul,ğŸ¤£ğŸ¤£ğŸ¤£Ok gas ğŸ‘ğŸ‘ğŸ‘
agstn.dee,YaAllah gaji UMR cuma 2jt udah banyak potongan sekarang mau ada potongan lagi? Kocagggggggg
ade_holid_komarudin,Gasssssss keuuun pak de..... Sebelum lengser.....sut set
apip_panjul,"Pemerintah terlalu cepat menentukan tapera hanya 3% kami rakyat sungguh prihatin dengan keadaan ini, harusnya tapera tidak cuma 3% tapi 58% biar rakyat bertambah kaya dan mandiri. Sebab menabung itu jangan terlalu kecil. ğŸ˜‚ğŸ˜‚ğŸ˜‚ Ok gas"
muh_iksansupriadi,terserah.
miftahul_ricky,Inget ga janji 02 yg KATANYA mau bangun 3jt rumah? Hmm MENARIK!!!
andihaeri06,cuih... program tidak masuk akal inikah orang yang kalian junjung 2 periode
sn_farid,The real terjajah dinegara sendiriğŸ”¥
andihaeri06,"mana yang orang"" yang dukung joko selama 2 periode komenmu mana ?"
pur5849,Kalau cuma potong 3% percuma harusnya min 50% spy dpt rumah beneran.....
eksels0,"ok, anak tunggal dari keluarga kaya raya ga usah ikut tapera."
canara_idn,Bagaimana yg sudah punya rumah ??
abay_radhen,Sudahlah jgn banyak mengelu terima saja kenyataan nya kan kalian yg pillih keberlamjutan bukan perubahan
niken_skr96,CapekÂ² kerja buat potongan negara doangğŸ˜­ dalah mau pindah planet aja k plutoğŸ˜­
alber.id,ok gas ok gas.... ğŸ˜‚ğŸ˜‚ğŸ˜‚
zaqi_165,Umr nya naikin jadi 10 jt potongannya di tambah gpp sihğŸ˜‚
urefxk,Gaji pegawai menengah ke bawah harusnya yg ditambah biar bisa beli rumah. Hadeuh.
tbee_61,Kami mati baru d kaih rumah. Itu pun klo diksihğŸ˜“ .. Knpa gk d ksih dlu rumah murah biar kmi nyicil @agungans
chris_talenta,"Yg wajib ikut TAPERA, mereka yg pilih 02"
natyaluthfi,Inilah kenapa memilih pemimpin tuh harus cerdas.... Eeehhh tapi kalau menangnya curang sih beda cerita ğŸ¤­
armansyahmuchtar,Di kadaliin 58% rasakan jgn mnyesal MEMILIH LANJUTKAN... rasakanmi semua keputusannya .. ğŸ¤£ğŸ¤£ğŸ¤£
erni310384,"trs dpt rmhny kpn,kl dpt rmhny dlu trs di pot gtu mah gpp lah ni ga tau dpt rmhny kpn"
abun_nandar,Itu yg jadi inisiator nya partai BantEng sama partai orange..Tapi knapa yg di salahin cuma kepala negara nya aja ya
agustri.waryanto,Makan saja susah pak dhe
agustri.waryanto,Mikirin tapera
widya_hdzar,Halo Indonesia Emas 2045 ğŸ™ŒğŸ”¥
mat.o.mat89,Kalau misalkan Tapera ini bisa menjamin kemudahan buat memiliki rumah dikemudian hari Saya sih oke-oke aja dengan catatan WAJIB ADA JAMINAN PROGRAM INI BERHASIL.
marniwidio,"Kasi duluh rumah, baru dicicil kn"
ikhsanudin__,Terbaik... ğŸ˜®
hi_agstnn,"Yg gaji nya minim, makin minimğŸ¤£ğŸ˜­"
debbyelisabeth39,"Setuju, Krn selama ini sy sngt terbantu dgn program bpjs gratis u rakyat ta mampu"
akhyar5442,Itu uangnya nnti bwt ngasih makan yg gratis katanya itu lho
tadaburalam7,ğŸ‘ğŸ‘ğŸ‘ salam WARAS akal sehat
berlinhs7,"Evaluasi dululah, selama ini Tapera sudah berjalan utk PNS, hasilnya apa yaa ???"
ganif_prasetyo,Mari di korupsi. Ada proyek baru nich
kaka_dn96,"Aaiihh bapak udh mah gaji kecil makin kecil ajh ğŸ˜­,kebutuhan makin hari mahal bukan makin murah pak @jokowi tambah beban gini mahğŸ¤•ğŸ˜¢"
adeirawati_24,Intinya ga setuju pak
abdul_hadi71,"Kgak masuk akal ,lah terserah org mao beli rumah atau kgak ,,duit udah klo udah kesimpen yg ada dikorupsi"
fairuzbani,"Masih ga masuk akal sih, kapan pencairannya, nyicil rumah sub sebulan sejuta aja 16-17 tahun baru lunas."
aldo_syahputraa,Kenapa buat peraturan diakhir masa Jabatan? Karena keberlanjutan ğŸ”¥ğŸ”¥ğŸ”¥
sitanggangupar,Dulu juga BPJS banyak yg kontra
bptulus,Tandanya kalau kita di pimpin sama rezim PKI
asas2603,Modus..!
senoadiw,"Itu salah satu cara untuk memiskinkan rakyat kecil, ,"
sumarni9889,Bapetarum jg mana .saya seorang janda anak 3.ditinggal suamin.sampai skrg gak ada tuch realisasi perumahan dr bapetarum
rayhanapd,Lah gw yg udh punya rumah gimana?
sumarni9889,Pokoke tolak tapera.tabungan penyiksa rakyat .yg enak wong duwuran Podo Dimaling Kabeh rakyat yg jadi tumbal.saya bukan bagian keberlanjutan makin hancuur.sudahlah paak .urus mas.pensiun.dan dikerjakan yg blm terealisasi..ada rumah /barang rakyat sedia kridit .klo tidaaak yaaa gak usah bikin mudahkan bapak lurah
sofyan0307,Oke gas oke gasss.. Duaaarrrrr ğŸ˜‚ğŸ˜‚ğŸ˜‚
aqilla_febriana2,Ya biar bisa dipake dlu....kayak dana hajjciiuuu(maaf bersin)
woelan.sariroekanda,"Ya Alloh d potong lg gaji, pdhl udh bnyk banget potongannya. Pdhl kita yg kerja mati2an naik gaji ga seberapa, potongannya 2x lipat dr kenaikan....kpn kita bs nabungnya ğŸ˜­"
muazalinhuril,t
muazalinhuril,TIDAK SETUJUUğŸ”¥ğŸ”¥ğŸ”¥ğŸ”¥
nandang478,Lapangan karup
nurmansyah1021,"Pertayaannya , kapan bisa di nikmati hasil tabungannya?"
gaplex_muklaz,Jogetin dulu boskuuuuğŸ•ºğŸ•ºğŸ•ºğŸ•º
khan_rizqi26,"UMR Jateng Apa kabar,?ğŸ˜¢ ude kecil, bukanya di naikin malah di potonginğŸ¤¦â€â™‚ï¸"
ricko_coslo,"Bisa nabung sendiri, bisa di bank jugağŸ™‹â€â™‚ï¸"
noviafitria17,Terus aja makan hasil keringat rakyat..
edwinebind,Kalo yg udah punya rumah gimana itu pak presiden ????
syddam7,ğŸ¤£
answs_02,"HAPUSKAN DPRğŸ”¥ğŸ”¥KERJANYA CUMAN TIDUR KETIKA RAPAT,KELILING DUNIA, DAN MENGHABISKAN UANG RAKYAT SAJAAAAAğŸ”¥ğŸ”¥"
yaniyaningo,Menolak tapera ğŸ”¥ğŸ”¥bknnya apa apa tpi gaji kami buru jga harus di potong sedangkan kami jga blm punya rumah ğŸ˜¢ğŸ˜¢sangat lucu
agitaekayanti,Sukanya ngambil uang rakyat
febrianakbar792,"Kurang yakin, karyawan bekerja utk klrga bukan utk para elit? Sebaiknya jgn bebankan ke karyawan tp ke pemilik perusahaan"
heru.pur.7334,MODUS
boonangzzz,"Klo gajih 8 jt sampai 10jt okey lah, ini p3k sama pns lo berpa dong gajih gak nyampe 5 terus di potong hmmm"
poncopanjiwinata,Ujung2 ya duit ya buat nyicil utang ke china.kasian sekali rakyat yg di bebanin
sipahutarsin,Makan keringat orang pak.. Mikir mau makan aja kurang dari gaji yg di dapat.. Nambah susah rakyat penderitaan udah hampir menyeluruh coba pikirkan baik2 pak..
__audinatjn,Tabungan Perampokan uang Rakyat io????ğŸ¤­
__audinatjn,"Pekerjaaan semakin sulit, kebutuhan semakin meningkat, daftarâ€ harga pangan semakin melunjak, kenaikan gaji ga, ee sekarang malah ada ada tambahan potonganâ€ gaji lagi uuhhhhgh sisah tunggu ngoni ngoni itu p kapala yang dapa potong sa ini!"
sbosmi,Coba korupsi dibrantas jangan gaji buruh di obok obok cuman paspasan untuk hidup wi..wi...
nurma_marwah,Allah... Makin ga masuk akal aturan pemerintah sekarang ğŸ˜­ğŸ˜­ğŸ˜­
caturjuniarsanto,Saya cinta pemerintah Indonesia ğŸ©·ğŸ©·ğŸ©·ğŸ©·ğŸ©·ğŸ©·ğŸ©·ğŸ©·
ispurwanti4,"Gaji rakyat Indonesia itu tdk banyak ,buat mkn hari""aja cukup Alhamdulillah,kok harus byk potongan...bgmna Presiden cara berpikirnya.th 2024 masih ada karyawan yg gajinya sehari 100k.coba dipertimbangkan pak"
sutanto3581,Oke gas oke gas gundulmu
metaandesta,Intinya kita kerja rodi mbak @najwashihab kembali masa jepang deh ğŸ¤£ğŸ¤£ğŸ¤£ udah gaji ga sebelapa trs dipoting sana sini yg miskin makin miskiiiinn yg kaya makin jd sultan ğŸ˜‚ğŸ˜‚ğŸ˜‚ aturannya makin kesini makin kesono yah ğŸ¤­
mas_ratna,ğŸ˜¢
rfyoktv_,TAPERA = Tambah Penderitaan RakyatğŸ˜‚
me_fina_,Wong kok unik
syamsul_fajri22,Tapera : Tambah Penderitaan Rakyat ğŸ—¿
yohanes_septrihandoyo,nggak paham. maksud tapera ini buat apa ya? buat siapa? kl bpjs kan jelas ow buat kesehatan. berobat gratis. nah tapera ini buat apa? buat siapa?
dedewahyuni80,Tapera untuk yang membeli perumahan? Kalo yang ngga beli perumahan bagaimana?
ariklestari1978,"Ya Allah kita sdh tidak mengganggu mau dibuat seperti apa negara ini, kita cari uang sendiri dengan keringat kita sendiri kerja pulang malam, kenapa masih diganggu ??? kenapa bukan uang hasil korupsi itu dikembalikan buat subsidi Tapera"
mas.1012,Ruwet amat
irvan_agusprtm,Di kali semua penduduk Indonesia triliunan jadi nya wkwkkw
dani_arteargrendly,"Kalo para pemimpin dah bicara mana mungkin rakyat kecil bisa nolak. 2,5 persen emng dikit kecuali dikali rakyat pekerja.. PantastisğŸ‘"
euis_wiseuisweyyy,He malas ku
fendypati,Masuk biar korupsi nya bertambah
aprilyantend,"Jujur ga sanggup, aku & Suami generasi sandwich. Aku & Suami yg Belum punya anak Aja merasa tidak sanggup, gimana Keluarga lain yg Sudah punya anak ğŸ˜¢"
joelyana58,Masalahnya... setelah gaji dipotong utk tapera kapan bisa nikmatin rumahnya? 100th lagi????ğŸ˜‚ğŸ˜‚ğŸ˜‚ mau bikang kan nikmatin bunganya.... OGaH banget... mending dialokasikan yang lebih pasti2 aja... yg ada duit masuk gak bisa keluar lagi alias dipersulit dng regulasi...padahal duit se diri. Ini negara mau malak apaaaa yaaak
jarwanto961,"Jogetin aja,sampai ajal menjemputmu"
aphoeya,Bpjs aj pak presiden....pelayanannya kudu di benahi sangat buruk dan tidak di perhatikan oleh rumah sakit dalam penanganannya juga bpjs selalu terbelakang di bandingkan asuransi bribadi
dannykh0,"Masalahnya track record dari berbagai gagasan pemerintah yg serupa rata-rata dikorupsi. Nah tapera ini bakalan jadi lahan korupsi baru, udah kebaca jelas sekali ini"
noviandini21,"Bpjs kesehatan aja jarang di pakai ğŸ˜“ potongannya juga lumayan, ga bs di cairin ya?"
apabee13,Karena ada yg harus di naikan gajinya
papa_taqy,"Ini berawal dari anda memilih sederhana, gorong2 dan merakyat, jadi anda nikmati saja jangan berisik.."
hermaone67,"Selamat itu pilihan anda , dan yang gak milih ikut dampaknya"
keepwalking994,Masih percaya sama si pinokio tua?
teksxrudeee_,Oke gas oke gasğŸ‘
cupmuhammad_,Aing mah rek pindah negara sebelah bağŸ˜‚
gep.rek86,"Tapera ,tabungan pemeras rakyat"
m.akbargumelar,Sh*it.
mr.londoireng,"Terserah pak,,, penting Bpk seneng,"
rozi_gan,Cari celah terus ngumpulin uang ğŸ¤£ğŸ¤£ğŸ¤£
miemie_dethalove,ğŸ˜‚ğŸ˜‚ğŸ˜‚ğŸ˜‚ğŸ˜‚ğŸ˜‚ğŸ˜‚ğŸ˜‚ğŸ˜‚ğŸ˜‚ğŸ˜‚ğŸ˜‚ğŸ˜‚ğŸ˜‚ğŸ˜‚ğŸ˜‚ğŸ˜‚ğŸ˜‚ğŸ˜‚ğŸ˜‚ğŸ˜‚ğŸ˜‚ğŸ˜‚ğŸ˜‚ğŸ˜‚ğŸ˜‚ğŸ˜‚ğŸ˜‚ğŸ˜‚ğŸ˜‚ğŸ˜‚ğŸ˜‚ğŸ˜‚ğŸ˜‚ğŸ˜‚ğŸ˜‚ğŸ˜‚ğŸ˜‚ğŸ˜‚ğŸ˜‚ğŸ˜‚ğŸ˜‚ğŸ˜‚ğŸ˜‚ğŸ˜‚ğŸ˜‚ğŸ˜‚ğŸ˜‚ğŸ˜‚ğŸ˜‚ğŸ˜‚ğŸ˜‚ğŸ˜‚ğŸ˜‚ğŸ˜‚ğŸ˜‚ğŸ˜‚ğŸ˜‚ğŸ˜‚ğŸ˜‚ğŸ˜‚ğŸ˜‚ğŸ˜‚ğŸ˜‚ğŸ˜‚ğŸ˜‚ğŸ˜‚ğŸ˜‚ğŸ˜‚ğŸ˜‚ğŸ˜‚ğŸ˜‚ğŸ˜‚ğŸ˜‚ğŸ˜‚ğŸ˜‚
sii_phanda,"Alhamdulillah, dengan adanya tapera. PNS BARU TIDAK MENIRU PNS LAMA YG SUKA MENGGADAIKAN SK. DENGAN TAPERA PNS BARU TANPA PUSING MIKIRIN UTANG SUDAH DAPAT RUMAH."
lilik_gyanto,Wah ladang korupsi lagi iniğŸ˜‚
aziizi04,Gaji susah naek...potongan nambah terusssğŸ˜‚ğŸ˜‚ğŸ˜‚ mantap
adhi.sabar.1,"Rakyat DIPERAS HINGGA KERING KERONTANG. Herannya, sebagian besar rakyat cuma ngomel-ngomel di medsos doang... ğŸ¤£"
far_away__23,@timothyronaldd
mully_yana,Pemaksaan Yang berlindung dibalik UU....Jogetin Aja..GAassss ğŸ¤£ğŸ¤£ğŸ¤£
orpanyoko,Bgmn dg orang sdh ada dirumah...sbnrnyabebas orng mau tabung ato tdk
nasrumnr,Ujung2 nya di korupsi ğŸ¤£ğŸ¤£ğŸ¤£ğŸ¤£
salwa_indahkarin,Ujung2 y di korupsi LG
erwansaputra23,yg makmur cm yg diatas. rakyat kecil diperasssssssssss
feby_jonathan,Ari pak jok damang atuh
surya.winata_99,Kalau karyawan yang saat ini udah punya rumah dan masih mencicil KPR apa masih harus dipotong juga ? Terus duitnya buat apa ? Kalau gak bisa bantu rakyat setidaknya jangan tambah menyusahkan.
irvandintoal_bawahab,EFEK BURUH atau YANG DEMO NAIK GAJI ini ğŸ™Œ karena Sehebat-hebatnya Sebesar-besarnya Seberingas-beringasnya para Karyawan atau Buruh DEMO NAIK GAJI dan tiap tahun disetujui masih Pinteran PENGUSAHA. Soalnya udah paten udah ada Peribahasanya dari baheula. Sepandai-pandainya tupai melompat masih pandai pemiliknya eeh bener ga? Aah sudahlah semoga kita semua dikasih sehat jadi masih bisa memenuhi semua kebutuhan. Kan gitu aja sih ğŸ¤²ğŸ»
amungosansaid,Gajih pns gajih dewan gajih menteri
amungosansaid,Buat ikn ya
amungosansaid,271 T tuh
aries_part2,Setuju asal di kasih dulu rumah nyağŸ˜‚ğŸ˜‚
zhaoereza,Pak prabowo tlg jgn dilanjutkan tapera
husnanid,"Boro-boro tapera, rumah subsidi pemerintah aja ga laku.."
vanyalimzzz,Buat nutupin 271T keknya ğŸ˜‚ menyala ğŸ”¥ğŸ”¥rekening DPR
seeyahannimh,"Menurutku program ini bgs tapi harus dilihat lagi apakah gaji karyawan sesuai. Apalagi gaji yg hany 2jtlebih doang...blmndipotong bpjs dkk ğŸ˜¢ğŸ˜¢ ngenes bgt sihh sumpah, jdi teringat gaji yg 1jt 800 perbulanğŸ˜‚ . Untuk PR para penjabat di atas sana ya ğŸ™Œ"
riansyah2997,Peraturan aneh nabung gak seberapa.bisa2 nya kepikirkan untuk tabungan beli rumahğŸ¤£
azhiez_72,MENOLAK TAPERA = MENGGAGALKAN POTENSI FID ğŸ”¥ğŸ”¥ğŸ”¥
trisnonesta,Meh bar masa jabatan wae gae sengsoro rakyat.....wooo
yoggggpr,jancuk
bagasyoga_hsu,"Umr 2 juta, abis gajian cuma dapet hikmahnya, cuapek"
bunnaaiko,Ah narasi.. kmrn aja condongnya kmn..
abcdanizar,Lah kalo keburu mati gimana pak
watiratna_s,Bikin aturan baru untuk membahagiakan ato menyusahkan?? ğŸ˜ğŸ˜ğŸ¤­ğŸ¤­
kosimnurseha16,Untuk Tapera apa untuk istana anak dan rumah pejabat di IKN pak??ğŸ¤”
khansa_tsuraya_yada,Gaji presiden dong potong 100%.
andriawansarjanamuda,"Mending yang dipotong gajinya itu DPR RI,DPRD PROVINSI,DPRD KOTA/KABUPATEN, WALIKOTA, BUPATI, GUBERNUR, mereka yg dipilih langsung oleh rakyat termasuk presiden dan wakil presiden.itu yg berhak dipotong gajinya buat rakyat."
abcdanizar,Kalo mau donasi bilang pak. Kan bisa pake @kitabisacom daripada repot2 bikin UU
wastobing29,"Akal akalan, nanti hilang lagi duit di rekening nya, jika bisa membuat diriku terbakar tebakar deh aku kesel banget sama ini semua"
massyantooo,Pak Wowo emng cerdas ğŸ‘ğŸ‘
derlisyazh,"Seharusnya ada sosialisasi terlebih dahulu sebelum diberlakukannya TAPERA ini, kalau tibaÂ² ada peraturan seperti ini dan untuk kedepannya masih belum terlihat jelas, dan jika dibebankan oleh rakyat kecil, bagaimana nasib kedepannya ? Nasib keluarga beserta anakÂ²nya ?"
indramsaputra,"Di kasih prakerja cuman 2,6, skrng setiap bulan di potong gaji karyawan 2.5% selamanya wkwkwkwkwkkwwkwkkw"
radenmasputra_ence,"Teu kahartibku pikir teubkahontal kua akal. Cuma satu kata ""KUMAHA MANEH"""
a_yusef_muhajir,"Mana nii orang yg suka KOAR2 JOKOWI THE BEST, sudah bangun kan kalian dari mimpi.?"
ussy2907,L U C U
lusiadk,Banyak bgt potongan potongan gaji ... Makin ksini makin ksana
denyalfahreizy,Setelah kasus Vina timbullah Tapera
irinrinrin__,Mengcapekk
annnnn.nnnnnnnnn,Oke gasğŸ¤£
agungsgumelar,"Mrekanyg kumpulin mreka yg cuci uang mreka yg dpt benefitnya, pekerja hanya dpt simpanan pokoknya..."
rahmarini89,"Menyala Negara Indonesia quh,, siapa tuh yg kemarin pilih 02, nikmatin deh tuh sampe 5 taun kedepan..entah program apalagi selanjutnya selain TAPERAğŸ˜‚"
sabda_senjaterindah_b.217an,"Dana haji aja di korupsi..... Lalu yg BPJS bagaimana itu kan udah di bayarkan tapi pelayanan 0 hingga akhirnya di hapus kan..ğŸ˜‚ğŸ˜‚ğŸ˜‚ terus yg BPJS ketenaga kerjaan bagaimana...?? Alibinya tabungan buat Tapera tapi sekelas bank negara yg di kelola BUMN aja tabunganya pada hilang di usut di pengadilan di menangkan pihak bank bukan nasabah heloooo BRI,BN,I Sehatkah...?"
mmatsdiq_,"Ya elah, gaji cmn dikit di potong lagiğŸ¤£ mau makan apa keluarga"
arnitaaa.m,Ok gas ok gasss ğŸ”¥ğŸ”¥ğŸ”¥ğŸ”¥ Tapera tabungan penderitaan rakyat
mhmmdyusuppp,Tolak sekeras kerasnya!!!!
novinovianti93,Ambil aja pak ambil aja pak . Ini gajih ku yang 1juta ini . Bawa Bae we semua pak. Menyala sekali bapakuuğŸ”¥ğŸ”¥ğŸ”¥â¤ï¸ğŸ˜
itsmeniasudin,@windyanisudin_ @rahmisudin_ ğŸ˜‚ğŸ˜‚
galih_syailendra,"Rakyat bisa apa? Mau protes bagaimana, menolak pun apakah bisa? Cara apa yg harus rakyat tempuh, gak ada cara lain kan kita untuk itu.. Hanya bisa meluapkan nya lewat sosmed. Kita harus gmn ? Yg sudah kaya raya mungkin gak akan peduli,"
bang_akbar_progressif24,"Jogetin aja,, ğŸ¤£ğŸ¤£ğŸ¤£ğŸ¤£"
vanila.chips2,"Yg tau hukum silahkan ajukan gugatan ke MK, yah tidak semua orang butuh beli perumahan, tapi semua butuh uang nya utk kebutuhan harian"
harum.sr,"Kl gw mah hitung2 nabung, toh buat gw juga nnt nya. Lagian 3% dr gaji gk bakalan bikin gw miskin"
naysila_radititia,Langsung di korupğŸ˜‚ğŸ˜‚ğŸ˜‚....
daday_hidayat.mb,Sudah terkumpul trus uangnya di korup
atty.yusuf,"Sy no komen cm baca2 semua komentar, gk ada tuh yg pro dgn program ini... Sebelas dua belas dgn program mkn siang gratis"
toyya.te.er,Sesungguhnya azab Allah sungguh pedih ğŸ”¥
waelahbal_,"semakin hari semakin menggila para penguasa itu , sebenar nya kehidupan seperti apa sih yang mereka inginkan ğŸ¥±"
sobariahobay68,Menolak tapera
maulina.irma,Siapa nih hero-nya alias yg akan kaget n heram?! ğŸ¤­
mba.ana.794,Tanda2 Ahir jamanğŸ˜­
man_dolok,ğŸ˜‚
ti_aramom,"Terserah kalian lah kalian yg berkuasa, semoga kelak dpt mepertanggujwabkan tar dsna"
rantiaprilianip08,Wellcome to Indonesia tapi masih tetap di pilih juga ğŸ˜­ğŸ‘ğŸ˜¢
abdullah_alharis_satria,"jujur, kalau memang untuk perkembangan negeri in sya Allah ana ihklas, tapi kalau sampek ada kedzoliman d sana, demi Allah SWT dan Rasulnya ana bakal tuntut sejadi-jadinya d hari ahir/hari penghakiman kelak!"
sofiyahmardhotilah,Tolong dong bapak @prabowo jgn bikin saya nyesel karena udah milih 02 ğŸ˜­
cicichoria1911,Rumah ny untk siapa?
cicichoria1911,Rumah ny untk siapa?
eno12.3,Gamasuk akal
robbycentral_,akal akalan mreka mencari uang untuk ikn.
m.taufiq.akbar,"Wahai para pejabat pemerintah, inget di dunia ini hanya sementara. Jadilah pemimpin yang bijaksana, Arif, santun dan MEMAHAMI RAKYAT. Kalo punya ide itu tolong di study dulu, kan kalian orang"" TERPILIH."
bismoet,Pak dri gaji yg dihasilkan masih cukup gk cukup pak di mulai dari sembako yg aduhai mahal lo ..
peraapoy,Kalau bisa mah ada dana mending pindah negara
reymarsaragi,"Udh ga bener nih presiden, KL PNS dll msh mending krna gaji Nye gede.
Nah KL krj di PT brpe sih gaji Nye, udh kecil di potong LG ğŸ˜¡ğŸ˜¡ğŸ˜¡ğŸ˜¡ğŸ˜¡ğŸ˜¡ğŸ˜¡ğŸ˜¡ğŸ˜¡ğŸ˜¡ğŸ˜¡ğŸ˜¡
Cocok nih 98 keulang LG ğŸ˜¡ğŸ˜¡ğŸ˜¡ğŸ˜¡"
